timestamp,usde,usdt,usdc,dai,frax
2025-09-01 04:00:00,1.0007146009996255,1.0001392677476608,0.9998100049290942,0.9996431797018546,0.9981588553462176
2025-09-01 08:00:00,1.000760508174455,1.0000367142691102,0.9998450975315395,0.9998374596209252,0.9979192987186266
2025-09-01 12:00:00,1.0009699227970732,1.0001444973331377,0.9998125927520704,0.9999488552763238,0.9976629025705926
2025-09-01 16:00:00,1.0008323241264687,1.000037477797489,0.9998161496228306,0.9997923359770359,0.9981810043259904
2025-09-01 20:00:00,1.0009186028517523,1.0001367812360824,0.9998023540830888,0.9999273351494775,0.9981970984688874
2025-09-02 00:00:00,1.000868173602774,1.0000026266587332,0.9998142569365158,0.9998290664164281,0.9983739343407482
2025-09-02 04:00:00,1.0005478143304924,1.000074062945913,0.9998109095089429,0.9998902327828642,0.9982024701603698
2025-09-02 08:00:00,1.0040715981748092,1.0002106661964867,0.9997675221288965,1.00045403860687,0.9976978417067129
2025-09-02 12:00:00,1.0013335853745151,1.0001017860194767,0.9998141213004825,1.000271501260222,0.9980460357589775
2025-09-02 16:00:00,1.0006412715322828,1.000021591983822,0.99980849004127,0.9995006703959508,0.998434389322655
2025-09-02 20:00:00,1.0010572207408919,1.0000761791409793,0.9998073152230287,0.9996434277025698,0.9983703982620643
2025-09-03 00:00:00,1.0008740799048281,1.000100508781484,0.9998045329497738,0.9994377922702312,0.9976896088765822
2025-09-03 04:00:00,1.0004363896716129,1.000108831720073,0.9998110155907882,0.9989877181297528,0.9981010900615948
2025-09-03 08:00:00,1.000634750147602,1.0000994823860758,0.9998044568766792,0.999215408151175,0.9982333760903628
2025-09-03 12:00:00,1.0002128460932431,1.0002069262012772,0.9998096093867216,0.9989621327951577,0.9986788700527153
2025-09-03 16:00:00,1.001227125117228,1.000290171198975,0.9998104520666624,1.0011876815521672,0.9986433040608262
2025-09-03 20:00:00,1.0014644298729345,1.0003918857563658,0.9998092023854165,1.0019052175506933,0.9992472488589013
2025-09-04 00:00:00,1.0005789556576707,1.0003653837600306,0.9998223741950104,0.9999514188995007,0.9981888677839889
2025-09-04 04:00:00,1.0005730323849507,1.000262406439419,0.9997027163572131,1.0009372604248539,0.9979864568427618
2025-09-04 08:00:00,1.000229360320025,1.00027440861642,0.9998124796277945,0.9992851967786727,0.997381021489387
2025-09-04 12:00:00,1.0006513666535464,1.0002862251130202,0.9997594460136537,0.9990047962022669,0.997460704502786
2025-09-04 16:00:00,0.9998225643754011,1.000262722332917,0.99979324209687,0.9988095372914614,0.9970479896000376
2025-09-04 20:00:00,1.0018985193217689,1.0000891956811435,0.9997970240693743,0.9998140722178452,0.9989194449915355
2025-09-05 00:00:00,1.001676304822313,1.0001206374209908,0.999728640818074,0.9995167842063052,0.9979389235885332
2025-09-05 04:00:00,1.0010952818948955,1.0002004046694348,0.9998097522945621,0.9992984804116006,0.998189089700561
2025-09-05 08:00:00,1.0012339260598282,1.0001507451073994,0.9998875068394153,0.9992290283918548,0.9982663431091722
2025-09-05 12:00:00,1.0025875616486,1.0002088269631209,0.9998150371203597,0.9986916685376358,0.996433403053006
2025-09-05 16:00:00,1.0007974374167021,1.0002094749193826,0.9998120713580331,0.9994883648608216,0.9984068796158553
2025-09-05 20:00:00,1.0007935876808345,1.0002964402367365,0.9998157347237681,1.0002404807118355,0.9978423951158734
2025-09-06 00:00:00,1.0009808487041516,1.000180641421961,0.9998141057991846,0.9997361809341423,0.9984590359032665
2025-09-06 04:00:00,1.0008356097389246,1.000172753777219,0.9998190307808664,0.9996220078181174,0.9982996850129118
2025-09-06 08:00:00,1.000634372258734,1.0001583786950408,0.9998247571103877,0.9999387843892493,0.9980114245709447
2025-09-06 12:00:00,1.000863087082324,1.0002749641353943,0.9998355197300197,1.0000790126799275,0.9983754507217316
2025-09-06 16:00:00,1.0009287890644802,1.0003161229683821,0.9998788521333298,0.9997711230965297,0.9987130778939353
2025-09-06 20:00:00,1.0008667841214085,1.0003567008565473,0.9997182838610489,0.9997273964261822,0.9981380066847734
2025-09-07 00:00:00,1.001062988100858,1.0002215256714846,0.9998048869378136,0.9996151206981114,0.9982478459104571
2025-09-07 04:00:00,1.0004210161118476,1.0002313504158888,0.9997850381285801,0.9998144045952864,0.9981930207628835
2025-09-07 08:00:00,1.0011175713536347,1.0002102353487015,0.9997351606212341,0.9995992263478788,0.9982152947111875
2025-09-07 12:00:00,1.000554335836354,1.0000256251938404,0.9998168623398219,0.9994807696365174,0.9975072928596703
2025-09-07 16:00:00,1.0011674847131107,1.0001160856241582,0.9997980045774353,1.0001781849512468,0.9985460275307766
2025-09-07 20:00:00,1.0011255374966166,1.0000637446147818,0.99971073428709,0.999730787904432,0.9980656636222519
2025-09-08 00:00:00,1.0006823803389333,0.9999900991081851,0.9998225910506002,0.9996505918379236,0.9988415442388241
2025-09-08 04:00:00,1.0005400420114547,0.9999787273359683,0.999806964631994,0.999959313952107,0.9979482575656808
2025-09-08 08:00:00,1.0005473065580415,0.9999429885558171,0.9998014295050975,0.9995546515802444,0.9976883438170693
2025-09-08 12:00:00,1.0005497696484362,0.9999830702141133,0.999812790090931,0.99960815772076,0.9980782003753188
2025-09-08 16:00:00,1.0007617045043826,1.0000664350159765,0.9998043126047839,0.9997291392695715,0.9980573588185881
2025-09-08 20:00:00,1.0006842026012843,1.0000986824061184,0.9998058300821041,0.9998306174375409,0.998309662598482
2025-09-09 00:00:00,1.000880145942295,1.0001251796970883,0.9998020369452981,0.9998859934144347,0.9983284895123663
2025-09-09 04:00:00,1.000937489312724,1.000018418222788,0.999772357720337,0.9990451617024779,0.9983658848598317
2025-09-09 08:00:00,1.0014026029184147,1.0000787314549155,0.9997982454818962,1.0004362256257395,0.9980660055223544
2025-09-09 12:00:00,1.0008291364535238,1.0000714495495626,0.999785908703098,0.9998101566834223,0.9979793564012256
2025-09-09 16:00:00,1.0006433911818486,1.0000493347207933,0.9997163772242782,0.9997052100386749,0.9980424472214489
2025-09-09 20:00:00,1.0007904655423416,1.0000601690496214,0.9997948048320305,0.9997127800389689,0.9979721373295884
2025-09-10 00:00:00,1.0009907736895225,1.0000691044369967,0.9998043548285558,0.9991087843774232,0.9978452305386023
2025-09-10 04:00:00,1.0011589173774211,1.000091012610618,0.9997592552198296,0.9997552845951657,0.9973500575851558
2025-09-10 08:00:00,1.001998253443493,1.0001561025337193,0.9998100159166974,0.9998254589152121,0.9979110942767964
2025-09-10 12:00:00,1.0007806861969109,1.0004081360190809,0.9998085352201286,1.0003612491049112,0.9978192151036314
2025-09-10 16:00:00,1.001577544343325,1.000229478496069,0.9998107461125602,1.0000866317027524,0.9981026858587136
2025-09-10 20:00:00,1.0009819764880517,1.0002861282651914,0.9997174689136168,0.9996864309531311,0.9985372357135707
2025-09-11 00:00:00,1.000094681545169,1.0002605932259165,0.9997599070982934,0.9996949969380559,0.9985352649464034
2025-09-11 04:00:00,1.0013858232744912,1.0002678734546548,0.9997581893497264,0.9995996152546307,0.9981331956561122
2025-09-11 08:00:00,1.0002999018312535,1.0002797965489545,0.9998095341956158,1.0001224668355753,0.9984663322072744
2025-09-11 12:00:00,1.0002931193591942,1.0002419022452589,0.9997626679732697,0.9998047642160395,0.9976470213358417
2025-09-11 16:00:00,1.000440339479849,1.0002626053891663,0.9998213801818939,0.9992599178950196,0.9974788898121054
2025-09-11 20:00:00,1.000605915888224,1.0003654247981042,0.9997936223424745,0.9997457461719721,0.9987408575406777
2025-09-12 00:00:00,1.0008760706610165,1.0003518570390493,0.9997216477394424,0.9992978684737704,0.9987200264679208
2025-09-12 04:00:00,1.0003318306929736,1.0003648449370939,0.99981329119525,1.0000685724832648,0.9987999511800645
2025-09-12 08:00:00,1.0016354408988366,1.0002733104712807,0.9998173486310254,1.0002744106878405,0.9983809150048706
2025-09-12 12:00:00,1.0017227753447853,1.0003337376465948,0.9998126573020729,0.9999746850596143,0.9986518678007258
2025-09-12 16:00:00,1.0018153161225598,1.0005351413968944,0.9997702410218536,0.9997764775006088,0.9983388057959991
2025-09-12 20:00:00,1.0017082126937578,1.000656721208106,0.9998094412095451,0.9995926154696988,0.9997675775142026
2025-09-13 00:00:00,1.0015971880139765,1.0004669647482665,0.9997103282834724,0.9999916977554545,0.9976129740865952
2025-09-13 04:00:00,1.0016340351870898,1.0005365282319505,0.9998069285208746,1.0002782551873897,0.9985555466337587
2025-09-13 08:00:00,1.0014441471991655,1.0005768545658116,0.9997555723158903,1.0002948354843848,0.9988455597251613
2025-09-13 12:00:00,1.0011301448371976,1.0005013884017673,0.9998204501083064,1.0001335884264948,0.9988717884033658
2025-09-13 16:00:00,1.00162926114624,1.00052591426519,0.9998111349787898,0.9995272432574864,0.9985681568003323
2025-09-13 20:00:00,1.001465661161099,1.0005047241762106,0.999756365570581,0.9997831001986501,0.9986418005622418
2025-09-14 00:00:00,1.001594698078175,1.0005665205461252,0.9998173190803405,0.9994604459104344,0.998733901628505
2025-09-14 04:00:00,1.0013845960534027,1.000680799758938,0.9997549140320308,0.999883495611269,0.9984172726961043
2025-09-14 08:00:00,1.0013144117530548,1.000711007789002,0.9997037504522028,0.9997949987571848,0.9986545591634843
2025-09-14 12:00:00,1.0013911384984375,1.0007288691005565,0.9998004034941055,1.0001512794755822,0.9994679615112237
2025-09-14 16:00:00,1.0003769725539189,1.0007097984132003,0.9997103539108491,0.9999799379824623,0.9985270300770881
2025-09-14 20:00:00,1.001717816734636,1.0007044233677809,0.9997992350538595,1.0000291405921786,0.9988235487310755
2025-09-15 00:00:00,1.0016923445965655,1.0005850179533877,0.9997127166372999,0.9998663740113641,0.9983279355277779
2025-09-15 04:00:00,1.002122456688168,1.0004237319532505,0.9997178599057862,1.0000040089982585,0.999207925827021
2025-09-15 08:00:00,1.00137837052617,1.0003655105685325,0.9997103367005796,0.9995868964512036,0.9980244913324009
2025-09-15 12:00:00,1.00110429540889,1.000398488576262,0.999730950184741,0.9992869957305351,0.9981797372042435
2025-09-15 16:00:00,1.0015852660315323,1.0002573128992527,0.9997075381084335,0.9989250905364582,0.9989115525643973
2025-09-15 20:00:00,1.0010646675538808,1.0002774079692853,0.9997437088810469,1.0002017360048954,0.998412166162447
2025-09-16 00:00:00,1.000531175298434,1.0003111554705069,0.9997013793017119,0.9992820418154605,0.9981485582556622
2025-09-16 04:00:00,0.9990943167213756,1.0001979554158111,0.9997033997309013,0.9995785423060479,0.9974935106660108
2025-09-16 08:00:00,0.9993782154162509,1.0002459794940302,0.9997095787746715,0.99996810909474,0.997681349893207
2025-09-16 12:00:00,1.001136968333023,1.000082070159029,0.99970977286497,0.9995564121986845,0.9985445583876323
2025-09-16 16:00:00,0.9976366472705809,1.0003149488681797,0.9997330175537785,0.9995748756726043,0.9978120240039113
2025-09-16 20:00:00,1.0011537377496098,1.0003502490805645,0.9997533073126681,0.9996898555699242,0.9983433280041297
2025-09-17 00:00:00,1.0019852678899965,1.000399029882512,0.9997467143254108,0.998999398566204,0.9984548940324368
2025-09-17 04:00:00,1.0035275900188312,1.0004820655475992,0.9997058014058406,0.9997698930909827,0.9987383896864102
2025-09-17 08:00:00,1.0008547463743256,1.0003541486959322,0.9997080342748669,0.9996153380783791,0.9978097730501817
2025-09-17 12:00:00,1.001569574480313,1.0004660587886396,0.999779009132199,0.9999362030743161,0.9977126094474983
2025-09-17 16:00:00,1.0014714780416145,1.000409410358613,0.9996831251543014,0.9997593196728841,0.9986156492226169
2025-09-17 20:00:00,1.001787247823192,1.0003799128147925,0.9997575773304195,1.0011697052010966,0.9989029157278323
2025-09-18 00:00:00,1.001450667270887,1.000401979489881,0.9997436694002918,0.9993504171187196,0.9983276491995728
2025-09-18 04:00:00,1.001567983800164,1.0002689155788034,0.9997007651663834,1.001001672899821,0.998251101782193
2025-09-18 08:00:00,1.0010464694852421,1.0003606639553204,0.999756920184961,0.9998009150851518,0.9982804246801178
2025-09-18 12:00:00,1.0011947760297901,1.0003455522568216,0.9997099776261478,0.9994779065740164,0.997601778137244
2025-09-18 16:00:00,1.001245966475379,1.000379455910525,0.9997055294719853,0.9996350386713735,0.9985465964493415
2025-09-18 20:00:00,1.0011147078418678,1.0004115966852891,0.9997018262085176,0.9998832006952526,0.9986766842944685
2025-09-19 00:00:00,1.0004846992059273,1.0003322762316689,0.9997178986490354,0.9995996204508715,0.9983029658986379
2025-09-19 04:00:00,1.000868254899009,1.0003027351668095,0.9997006913717513,1.0002423135577818,0.9980822484878084
2025-09-19 08:00:00,1.0011985981464067,1.0003721341957936,0.9996133557620336,1.0006117993085004,0.9980642376558975
2025-09-19 12:00:00,1.0016509945996368,1.0002875021005657,0.9997105742409403,1.0001671019623195,0.9970751652660633
2025-09-19 16:00:00,1.0011938905020974,1.000382026329619,0.999654433647412,0.9987960154870869,0.9979425196062466
2025-09-19 20:00:00,1.0009752571605692,1.0003659837417687,0.9996196888041344,0.9995761009303071,0.9978323530730613
2025-09-20 00:00:00,1.0012320325153472,1.0005100255506651,0.9997135218576354,0.9998355241938414,0.998615018724779
2025-09-20 04:00:00,1.001219753187646,1.0003766923011894,0.9996999999999998,0.9989798231904276,0.9976529016126885
2025-09-20 08:00:00,1.0006425495391824,1.0003225219629037,0.9996653791786149,0.999959045138053,0.9977884553064241
2025-09-20 12:00:00,1.0006370718227473,1.0004970720418975,0.999607849627308,0.9992968777527106,0.9980181892012472
2025-09-20 16:00:00,1.0004176756956258,1.0003887049723144,0.9996171372328974,1.000397009406281,0.9977305436184961
2025-09-20 20:00:00,1.000775096285667,1.00043846587664,0.9996671004964091,0.9997921830865325,0.9980802215252926
2025-09-21 00:00:00,1.0011302222758953,1.0004702224466024,0.9996893410449857,1.0000353060098088,0.9979841752452099
2025-09-21 04:00:00,1.0003034616105795,1.0005205233971932,0.999705573768688,0.9993130750156359,0.9976573748470082
2025-09-21 08:00:00,0.9998739144081091,1.0004570811184526,0.9996364670223958,0.9996367380879941,0.9971412616082265
2025-09-21 12:00:00,0.9997345502921835,1.0004939682944711,0.9997036095814881,0.9994885849767968,0.9973418994637108
2025-09-21 16:00:00,1.0003945219034556,1.0005558704366515,0.999701536501255,0.9997786505146332,0.997382136882941
2025-09-21 20:00:00,1.0005389459998286,1.0004346404319195,0.999699343883089,0.9998258809501333,0.997818858230174
2025-09-22 00:00:00,1.0006122836851028,1.000631075705682,0.9996941350386993,1.0004831275757933,0.9968636585312423
2025-09-22 04:00:00,0.9991752594148005,1.0006451070876878,0.9997062405377072,0.998900714095944,0.9976968170956166
2025-09-22 08:00:00,1.001519639450685,1.0006040208541775,0.9997059692527399,0.9999456764905947,0.9977958411698062
2025-09-22 12:00:00,1.000881304019568,1.0007154610169313,0.999653813260054,1.0003974103568412,0.9982731290150464
2025-09-22 16:00:00,1.000695669242904,1.0006845240497348,0.9997083137573154,0.9997834962574265,0.997868026729988
2025-09-22 20:00:00,1.001062308152844,1.0007614538252463,0.9997068038396975,0.9997587376460023,0.998269995291726
2025-09-23 00:00:00,0.9998367805624496,1.0007473289829962,0.9996099705116013,1.000127326915123,0.9984277060950608
2025-09-23 04:00:00,1.0018483094939084,1.0005581577110927,0.9996124123757305,0.9991849028248333,0.9974825808008887
2025-09-23 08:00:00,1.0014791408124126,1.0005369999452711,0.9996092901530892,0.998999791460023,0.9977653573359386
2025-09-23 12:00:00,1.0012340511775941,1.0005568131453257,0.9996544890036042,0.9991699329664997,0.9979703418573859
2025-09-23 16:00:00,1.0001008453684401,1.0002574849921348,0.9996116284006058,1.0005926762880784,0.9972485551359309
2025-09-23 20:00:00,1.0007802496479714,1.0003428207957172,0.9996645256827874,0.9990330597530231,0.9971425676033887
2025-09-24 00:00:00,1.000790794628571,1.000323978373318,0.9997058602524684,1.0007334537072856,0.9987538255643956
2025-09-24 04:00:00,1.000668467718252,1.0001733454642248,0.9996649744275833,0.9992052600481736,0.9970957003548117
2025-09-24 08:00:00,1.0009523944380425,1.0001916225103666,0.9997019041904674,0.9992077858433258,0.9978383355759581
2025-09-24 12:00:00,1.0010187350805395,1.0002971426154776,0.9997027247547107,0.9989706902896591,0.9973696032286578
2025-09-24 16:00:00,1.0008002826608875,1.0003418848832937,0.9997017678518277,0.9999441190313463,0.9977169696115585
2025-09-24 20:00:00,1.0004855452381807,1.0003319138925537,0.9997081478710846,0.9977739658387828,0.9958446358024925
2025-09-25 00:00:00,0.999381943260728,1.0001076724516513,0.9997015407030425,0.999563678062596,0.9969662826835161
2025-09-25 04:00:00,0.999101171151099,1.000250010104443,0.9997060186050032,0.997944459535178,0.9969220318534159
2025-09-25 08:00:00,0.9994696223323832,1.0002316779289733,0.999693927618031,0.9994897456069322,0.9969073341471357
2025-09-25 12:00:00,0.9994413873931411,1.0004486843385774,0.999705682145322,0.9983178851489319,0.9967639115928526
2025-09-25 16:00:00,0.9999039732523308,1.0003145141608198,0.9997155522655559,0.9999630001402317,0.997103517344318
2025-09-25 20:00:00,0.9996201248185858,1.0004877357630628,0.9997040964746402,0.999937030178067,0.9964957525167704
2025-09-26 00:00:00,0.9997320557553492,1.0005305352717733,0.9997024562830487,0.9993465293245567,0.9972572538448368
2025-09-26 04:00:00,0.9995995793991618,1.0005321256619721,0.9997019379415867,0.9997172284758662,0.9966339337749319
2025-09-26 08:00:00,0.9998680420367362,1.0005793870516468,0.9995938568011228,0.9994452000551304,0.997126842525566
2025-09-26 12:00:00,1.0002606581261726,1.00055915991053,0.9996100853915574,0.9994465257491422,0.9966342997947014
2025-09-26 16:00:00,1.0005267126959707,1.0006479212795603,0.999711844084732,1.0002502163722162,0.9972825368019074
2025-09-26 20:00:00,1.000246205478325,1.000545018344167,0.9997065953055709,0.9979469985127812,0.9972105836455644
2025-09-27 00:00:00,1.0002602466159445,1.000577282233556,0.9995193212129603,0.9990087054900012,0.9970007936745102
2025-09-27 04:00:00,1.0002272082443762,1.000517404943894,0.9996967969808043,0.9999789045250741,0.9980662178410458
2025-09-27 08:00:00,1.000654182809396,1.000507817557478,0.9997128694017465,0.999425348272054,0.997118841237531
2025-09-27 12:00:00,1.0002593294006383,1.0004932767588925,0.9997124940167739,0.999419464616839,0.996961017193969
2025-09-27 16:00:00,1.0001543935923352,1.000574973299143,0.999624350014496,0.9987172707723518,0.9974460336263832
2025-09-27 20:00:00,1.000353565253097,1.0005004494976946,0.9996164193606927,0.999196850374317,0.9969524235850237
2025-09-28 00:00:00,1.0001594030982652,1.0003601008484342,0.9996128362461293,0.9997520096262025,0.9971605057006174
2025-09-28 04:00:00,1.000593229192829,1.0003961543423168,0.999702251166861,0.9996632194335803,0.9973426523183028
2025-09-28 08:00:00,1.0004806986268628,1.0002708159340097,0.9996112875681935,0.9983197507400522,0.9973416428879447
2025-09-28 12:00:00,1.0006607078077567,1.0002528868765124,0.9996149877589208,0.9993740224211919,0.997650217486824
2025-09-28 16:00:00,1.0007084318542154,1.0002109282601974,0.9996171703846187,0.9987897256689005,0.9980040459635191
2025-09-28 20:00:00,1.0007942639282477,1.0002336676445673,0.999609200833814,0.9985164168191405,0.9982276733461984
2025-09-29 00:00:00,1.0008211978739017,1.0002894058620857,0.9996124503820872,0.9998255585319817,0.9980986256476929
2025-09-29 04:00:00,1.0007959526768786,1.000174088629596,0.9996125916673253,0.9998906391112354,0.9978775368952159
2025-09-29 08:00:00,1.0007942050683698,1.0002789889591022,0.9997047654620062,0.9991944156595034,0.9976269128287562
2025-09-29 12:00:00,1.0013101524057377,1.000546947526565,0.9996087076031002,0.9989359475558203,0.9974402725537196
2025-09-29 16:00:00,1.0013240114540904,1.0005270656800458,0.9996101245610818,0.9995181496470145,0.9980238263679295
2025-09-29 20:00:00,1.0015378257090501,1.0004495443373214,0.9997039818992988,0.9996024759862769,0.998223388679917
2025-09-30 00:00:00,1.0008651737106116,1.0005179153340509,0.9995702985407731,0.9997503755298093,0.9979127973869567
2025-09-30 04:00:00,1.001008109661968,1.000455741436564,0.9997030103338077,0.999298067844286,0.9984318924537143
2025-09-30 08:00:00,1.0012274071767437,1.0002819173638646,0.999699867003856,1.000176112558885,0.9980723876372567
2025-09-30 12:00:00,1.0010404507729393,1.0001837852057862,0.9997060143709039,0.999342681937383,0.9979624923020071
2025-09-30 16:00:00,1.0009214080959827,0.9999862504117687,0.9996981767944791,0.9996848689792054,0.9980513872020184
2025-09-30 20:00:00,1.0003169869241388,1.000042239822651,0.9995977524419262,0.999387439172137,0.9973589321354737
2025-10-01 00:00:00,1.000697980188461,1.0000814185756068,0.999607950214624,0.9998552726235618,0.997313427333443
2025-10-01 04:00:00,1.0008743500262802,1.000038757217645,0.9996127712292041,1.0003020673652379,0.9978718915732901
2025-10-01 08:00:00,1.0009924663397611,1.0002585579165038,0.999599479022347,0.9996252031697735,0.997233427610071
2025-10-01 12:00:00,1.0008246487150367,1.0005600119396407,0.9997111082847931,0.9985229131338382,0.9975739973003652
2025-10-01 16:00:00,1.0012134002183988,1.0004337722809638,0.9997122782579837,0.9994539243390897,0.9982213233038014
2025-10-01 20:00:00,1.0010004082086015,1.0004470595100663,0.9997807645904694,0.9990104465736375,0.9982211016087328
2025-10-02 00:00:00,1.0009589209529264,1.0004058448516244,0.9998069937719254,0.9992357478143672,0.9976344606817262
2025-10-02 04:00:00,1.0007726664145442,1.0004014596233495,0.9998019650591021,0.9998565480265641,0.9982661670665569
2025-10-02 08:00:00,1.001104284611173,1.0004655319705342,0.9997978565627212,0.9999702013404558,0.9982732981286131
2025-10-02 12:00:00,1.0009535782185268,1.0005439403211245,0.9997182958205588,0.9999089512817966,0.9972563721782981
2025-10-02 16:00:00,1.001308531703592,1.0004142191066268,0.9997499019369908,0.9997327513607213,0.9984584787955748
2025-10-02 20:00:00,1.0008389825705397,1.0005430433442266,0.9998099417595601,1.0002865568007242,0.9980811953870237
2025-10-03 00:00:00,1.001286030419895,1.0005359857311507,0.999804925288868,0.9995446615487942,0.9972326185059622
2025-10-03 04:00:00,1.0002989599912238,1.0004721141235475,0.9997337104678214,1.0002978531859943,0.9976896214833171
2025-10-03 08:00:00,1.0007231621770614,1.0005270492891725,0.9998011856709687,0.9992418042711448,0.9978814153589655
2025-10-03 12:00:00,1.000847788817454,1.0006320675453602,0.9997085981313081,1.0002146675554593,0.9981544813204594
2025-10-03 16:00:00,1.0003806308795316,1.000471539708356,0.9998042619485994,0.9996694856703755,0.997684196067652
2025-10-03 20:00:00,1.000177859899326,1.000546985955711,0.9998255278443647,0.9997765554986611,0.9973447689965563
2025-10-04 00:00:00,1.0002601711513055,1.0006135035113037,0.9997086875999504,0.9996925401467321,0.9971070080578325
2025-10-04 04:00:00,1.0005201274959554,1.0004973300733957,0.9997013579269224,0.9989899185654272,0.996948489863151
2025-10-04 08:00:00,1.000155180792952,1.0003943562361255,0.9997032044032493,0.9996723127835043,0.9974166655679721
2025-10-04 12:00:00,1.0002316662501582,1.0003992359684224,0.999709253269052,0.9993633042095494,0.9981615632203327
2025-10-04 16:00:00,1.0003437110706648,1.0004277273993878,0.9998052946360539,0.9998619216861226,0.9983421235902035
2025-10-04 20:00:00,1.0004580556466673,1.000374421845125,0.9998037786424351,0.9992776557533003,0.9977606255039309
2025-10-05 00:00:00,1.0009523351911584,1.0002704438077274,0.9997080138271895,0.999266513940814,0.9987586006811913
2025-10-05 04:00:00,1.0000558099832668,1.00007151651959,0.9997043530725197,0.9989926520919268,0.996687406972291
2025-10-05 08:00:00,1.0000224839440621,1.000049880413749,0.9997001428606602,0.9991944003687123,0.9971449252809063
2025-10-05 12:00:00,0.9996543422980315,1.0001775835350541,0.9996999999999999,0.9997130528858834,0.996934221444034
2025-10-05 16:00:00,0.9997714122266246,1.0001434409939454,0.999706081352955,1.0005409560428566,0.9976025279286537
2025-10-05 20:00:00,0.9996349923360414,1.0001527540535349,0.9998005116497167,1.000146962302648,0.9974842705934955
2025-10-06 00:00:00,0.9999201116881077,1.0003728370927225,0.9997853805545979,0.999074987670319,0.9972393664515196
2025-10-06 04:00:00,1.0000798822189974,1.0001472490598977,0.9997030736251873,0.9983602060210605,0.9971252308390801
2025-10-06 08:00:00,1.0003611128038847,1.0002880491538788,0.9997049219715121,0.9996215853007415,0.9974601410944645
2025-10-06 12:00:00,1.000304437214901,1.0003600806639592,0.9998040620848673,0.9993968133124891,0.9977608861515255
2025-10-06 16:00:00,1.000527784650479,1.0005501502700642,0.9997362895054215,0.9999536649223405,0.998434018325275
2025-10-06 20:00:00,1.00037941116652,1.0002947353161808,0.999709163332944,0.9991107089247294,0.9973541494596411
2025-10-07 00:00:00,1.0005429908489296,1.0004263599362073,0.999806042646969,1.0002231427114734,0.9974925223613895
2025-10-07 04:00:00,1.0001840328388525,1.000403179013725,0.9997030831894461,0.999684760438961,0.9975517647757011
2025-10-07 08:00:00,0.9999509927418242,1.0005414303069862,0.9997112347074192,0.9995686677770709,0.9972726300340166
2025-10-07 12:00:00,0.9994578043503362,1.000652717378846,0.9997304532621766,0.9996936495693256,0.9978471416990158
2025-10-07 16:00:00,1.000029360830008,1.0004201094759186,0.9997072533841345,1.000170550611773,0.9979731456793977
2025-10-07 20:00:00,0.999651490127417,1.0004591113265855,0.99980231576084,0.9986832346288051,0.9971701798826186
2025-10-08 00:00:00,0.9996658667011445,1.0004064630413967,0.9998023244120225,0.9998732010586286,0.9972735687401025
2025-10-08 04:00:00,0.9996038084426104,1.000283100377103,0.9996083700798661,0.9992250407719108,0.9974368938108549
2025-10-08 08:00:00,1.0005619226491755,1.0002730848845676,0.9997210092976018,0.9995251144517839,0.9977213580090325
2025-10-08 12:00:00,0.9993275763731158,1.0002230166699173,0.9997970316460953,0.9998171888096452,0.9978303714300701
2025-10-08 16:00:00,1.000470417254634,1.0002314440199076,0.9997728850971109,0.9998979259462449,0.9979255230825509
2025-10-08 20:00:00,1.000257488416978,1.0001767394403793,0.999630556930228,0.9996160211204609,0.9977433293564574
2025-10-09 00:00:00,0.9999799848733906,1.0002972000879053,0.9996996571474333,0.9998967907428619,0.9970209342577021
2025-10-09 04:00:00,0.9997823212626042,1.000160682949684,0.9997040811790096,0.9996980237660738,0.9973092317647354
2025-10-09 08:00:00,1.0000371320339716,1.0003023062183116,0.999800482273558,0.99970677035856,0.9975078306842211
2025-10-09 12:00:00,1.0001348420607694,1.000372636759519,0.9996124073030549,0.9997585669533353,0.9975715635969999
2025-10-09 16:00:00,0.9991003400548945,1.0004402443255873,0.999708184215788,0.9994368216794839,0.9973585742613177
2025-10-09 20:00:00,1.0002352409599369,1.0004457691454447,0.9997019502363687,0.9989453376254976,0.9979598176482808
2025-10-10 00:00:00,0.9988263151798018,1.0004638168500908,0.9997041212684622,0.9996591954120542,0.9977447013637278
2025-10-10 04:00:00,0.9997446277587814,1.0002617729317909,0.9997606899300857,1.0002183944826673,0.9977869672170593
2025-10-10 08:00:00,1.0000431499522713,1.00030731110745,0.9997758580424638,1.000128227249563,0.9977874457241841
2025-10-10 12:00:00,0.9979240869901755,1.0002388634493693,0.9997073427142766,0.9990905636981221,0.9959453162754142
2025-10-10 16:00:00,0.9989512728077165,1.0003608438287044,0.9998046074836886,0.9996404769337415,0.9972162314465167
2025-10-10 20:00:00,0.9966567242875114,1.003644153941371,0.9998987453676247,0.9996128670290191,0.996302411291931
2025-10-11 00:00:00,0.9996647179824499,1.001575765296821,0.9998076818934869,0.9986076875442891,0.9976418357932286
2025-10-11 04:00:00,1.0008490830759924,1.0016822839414552,0.9997332569998018,1.0004134398055449,0.9976050276669095
2025-10-11 08:00:00,1.0005631849651972,1.0012368133254193,0.999759739240861,1.0006999507585705,0.9974795246154238
2025-10-11 12:00:00,1.0002122603706731,1.0013231962608413,0.9998111857898345,1.0003992993401254,0.9968463027266121
2025-10-11 16:00:00,1.0000352785574302,1.0014389385998679,0.9998048345840655,0.9997188509378087,0.9973465654174647
2025-10-11 20:00:00,1.0002514121157489,1.001590499773092,0.9998057678553061,0.9980200378615764,0.9969400816976068
2025-10-12 00:00:00,0.9999571892705094,1.0013243794122066,0.9998266049823422,0.9995729210493903,0.997580261624436
2025-10-12 04:00:00,1.0000501807990525,1.0013233873807073,0.9999995880830649,0.9992280960927628,0.9973907689603614
2025-10-12 08:00:00,0.9998347538493829,1.0008909490034796,0.9998853133002005,0.9996862006480092,0.9968139513465609
2025-10-12 12:00:00,1.001073350108081,1.0007416909881277,0.9999020562997375,1.000167087735045,0.9998521908133206
2025-10-12 16:00:00,1.0000335691256226,1.000910947646651,0.9999015307864747,0.999770955844996,0.9975064587859844
2025-10-12 20:00:00,1.000353063861069,1.0011023270850152,0.9998096261230955,0.9995909753495817,0.9971824659675984
2025-10-13 00:00:00,1.0000612662444661,1.0011803244822075,0.999904281496538,1.0005609177769303,0.9971324838391232
2025-10-13 04:00:00,1.000914064342387,1.0008583549364396,0.99993141207616,1.0016661123283328,0.9973329917170168
2025-10-13 08:00:00,1.0002466610369753,1.0009649833325345,0.9999030787716908,0.9993530147116514,0.9969903925023705
2025-10-13 12:00:00,0.999620279123703,1.0010382143119385,0.9998977129394727,1.0004589835925957,0.9969370329696403
2025-10-13 16:00:00,1.000197142855163,1.0010785959370225,0.9998891513604263,0.9987670705119807,0.9972898191402757
2025-10-13 20:00:00,1.0005240877682482,1.0010665513707981,0.9998995932445996,1.0008642448249645,0.9984967929681691
2025-10-14 00:00:00,1.0002503701046992,1.0011110224244624,0.9999011552756412,1.0001623544772897,0.9982812187976764
2025-10-14 04:00:00,0.9999695330704952,1.0009014012818132,0.9999009652246524,1.0011573325289655,0.9984410036932899
2025-10-14 08:00:00,1.0008308078586765,1.0011051924001055,0.9999012031803252,0.9997142266126848,0.997239505523591
2025-10-14 12:00:00,0.9997023294785895,1.0007876536442688,0.9999362212023857,0.9997588065562426,0.9973140434511112
2025-10-14 16:00:00,0.9997106735623356,1.000664053776104,0.9999051869950786,0.9985444624830397,0.997170866139008
2025-10-14 20:00:00,1.0001991697850714,1.0006734451133377,0.9998439948840393,1.000664289275588,0.996779315580114
2025-10-15 00:00:00,0.9999280528008773,1.0006791339338954,0.9998059723664141,0.9986882687868476,0.997590128688802
2025-10-15 04:00:00,1.0002510377582197,1.0007912150400158,0.9998791099100954,1.0006128094771343,0.9976170890606791
2025-10-15 08:00:00,1.0000664840100442,1.0009411077738741,0.9998057774539554,1.0003895464704393,0.9969880799354116
2025-10-15 12:00:00,0.9994445560271371,1.0010216350233105,0.9998943969989816,0.999185548886147,0.9967577610669744
2025-10-15 16:00:00,1.0004585721185195,1.0006353376740276,0.9998039051894657,0.999757021499569,0.99803023392264
2025-10-15 20:00:00,0.9999600635312297,1.0007839363927584,0.9998995800642226,1.0000283907403895,0.9976650591793148
2025-10-16 00:00:00,1.0001644588557779,1.0007829349857529,0.999802601497766,0.999151269090362,0.9976535145406401
2025-10-16 04:00:00,1.00074046906602,1.0005954923059552,0.9998989641379116,0.9999105130209395,0.9974793548124328
2025-10-16 08:00:00,1.0000284283775804,1.0005979422225202,0.999805201634273,0.9987160859652232,0.9972598472000705
2025-10-16 12:00:00,0.9990653727493005,1.0008179403064088,0.9998978111475461,0.9998785710085059,0.9965337335121291
2025-10-16 16:00:00,0.9999696569607682,1.0007367068761641,0.9998052867424049,1.0001993543886842,0.9969130020400528
2025-10-16 20:00:00,0.9991260919152221,1.000568207275967,0.9998219266461297,0.9996444359034731,0.9969809411059722
2025-10-17 00:00:00,0.9995981701542391,1.0005701029201184,0.9998868694480089,0.9993958288927303,0.9969819988153527
2025-10-17 04:00:00,0.9998554973234812,1.0004650840234632,0.9998008216364737,0.999634538548581,0.9961354716369489
2025-10-17 08:00:00,0.9988728688969523,1.0002889195478042,0.9998999723508003,0.9988962625360079,0.997321251585281
2025-10-17 12:00:00,0.999441659486961,1.0005240699653275,0.9998390843646717,0.9987360155747612,0.9963527181532442
2025-10-17 16:00:00,0.9992747248569048,1.0005908064438138,0.9998062045163781,1.0001543475796417,0.9969451798607777
2025-10-17 20:00:00,0.9996705237413582,1.0007823836921033,0.9998174796521544,1.0004346914794442,0.9969231603876587
2025-10-18 00:00:00,0.9995896744363756,1.0007484888332139,0.9998419999890181,0.9998523655630815,0.9969362121252479
2025-10-18 04:00:00,0.9996718617275099,1.0006530271626988,0.9998388736014088,0.9999444119051382,0.9965403584594253
2025-10-18 08:00:00,0.9992173056977629,1.0006296945735476,0.9998041137198969,0.9998725668004441,0.9974036065023382
2025-10-18 12:00:00,0.9993402305172041,1.0006153531532147,0.9998127941158536,0.9996385236265866,0.9967591628305642
2025-10-18 16:00:00,0.9994062625816056,1.0006343848793358,0.9998071854505703,0.9988020534912149,0.997210705700276
2025-10-18 20:00:00,0.9992985240898482,1.000651678667378,0.9999010017005204,1.0000253407090698,0.9969492677091637
2025-10-19 00:00:00,0.9996516811649474,1.0005545136388982,0.9998767570123641,0.9997876979372776,0.9968994375485609
2025-10-19 04:00:00,0.9992779773126568,1.0006050824057344,0.9998054628509803,1.0001525700471146,0.9966975500023212
2025-10-19 08:00:00,0.9992950977140225,1.000451668363419,0.9998001474777789,1.000092534952712,0.9965985701869071
2025-10-19 12:00:00,0.9997942849900499,1.0005009167978671,0.9997999999999999,1.0025746256505847,0.9969672626342013
2025-10-19 16:00:00,0.9998599762666323,1.000623740058178,0.9998827936507202,0.9986200906783304,0.9970743681852623
2025-10-19 20:00:00,0.9995875294498364,1.0005940953260124,0.9998214092975638,0.998936959261174,0.996885289385339
2025-10-20 00:00:00,0.999610441058926,1.00058480474212,0.9998152085877979,1.0002810366367318,0.9967662224117797
2025-10-20 04:00:00,0.9994882446079225,1.0004483426261457,0.9998695979608119,1.0000949831228563,0.9971517596253919
2025-10-20 08:00:00,0.9993658727410402,1.0004481975440496,0.9998103352564298,1.0000294132991996,0.9961062668400983
2025-10-20 12:00:00,0.9994339936663937,1.000359060748237,0.9998040087234563,0.9992383759089115,0.9965261637627277
2025-10-20 16:00:00,0.9994544794916322,1.000428374143605,0.9998062232551442,1.0002070584958294,0.9963118932797963
2025-10-20 20:00:00,0.9994403366655563,1.0004961299774873,0.9998032729004278,0.9993197375249812,0.9964422847558754
2025-10-21 00:00:00,0.9990761541487312,1.0004880798731797,0.9998980552330478,1.0007545596881076,0.9961435426889289
2025-10-21 04:00:00,0.999380637881104,1.0005293893537592,0.999908023982304,0.9993004796814202,0.9957860590777784
2025-10-21 08:00:00,0.9996000244521919,1.000499107908966,0.9998963684024831,1.0000097431247124,0.9970613334159797
2025-10-21 12:00:00,1.0000478925112706,1.0005898705625893,0.9998069892278105,0.9990936898304831,0.997095780011189
2025-10-21 16:00:00,0.9996141000784833,1.000592397089829,0.9998098150400865,0.9999833896032414,0.9966066029233004
2025-10-21 20:00:00,0.9994717197768989,1.0006171813095963,0.9999000000000001,0.9995985887539608,0.9963730180594073
2025-10-22 00:00:00,0.9994875676964852,1.0005629235645797,0.9998075295391655,1.0003535731731081,0.987508025351945
2025-10-22 04:00:00,0.9994143125264953,1.0005532729507827,0.9997783964294668,0.9985048648855267,0.9965739928276452
2025-10-22 08:00:00,0.9993646676992154,1.000569163039717,0.9997293094361586,0.9997389324590912,0.9968330299898973
2025-10-22 12:00:00,0.9996493703529558,1.0004810457831896,0.9998626027436927,1.0003066074630533,0.9962922921613707
2025-10-22 16:00:00,0.9993852430658594,1.0004105608979272,0.999803817570522,0.9998419178987178,0.9962020642759947
2025-10-22 20:00:00,0.9994291465982419,1.000370777100782,0.9998033695469735,0.9989176122958767,0.9959073427812857
2025-10-23 00:00:00,0.9994405997676086,1.0004335535467024,0.9998032529443703,0.9995097634913,0.9962824372641695
2025-10-23 04:00:00,0.9998074504987907,1.0005033618124026,0.9999167878067422,0.9997121042971406,0.9963302290813738
2025-10-23 08:00:00,0.9993712840780408,1.000334640600599,0.9999010066416968,0.9997322683538408,0.9964087029005512
2025-10-23 12:00:00,0.9992300866973278,1.0004128600703797,0.9998107946029167,0.9973723951884893,0.9963722262399936
2025-10-23 16:00:00,0.9996905971115998,1.000424826474378,0.9998058944912943,1.0010016401107196,0.9963016763871348
2025-10-23 20:00:00,0.9995627106230065,1.0004843102803975,0.9998389417598703,0.999295224822819,0.9961392383119877
2025-10-24 00:00:00,0.9995324658651247,1.000502506523836,0.9998036985736611,0.9994836010967199,0.9966859297888554
2025-10-24 04:00:00,0.9995140478173316,1.0004616368045138,0.9998047443796575,0.9984191373178534,0.996421202124601
2025-10-24 08:00:00,0.9994924137471476,1.0004442632494992,0.9998002463848998,1.0021030700099887,0.9961016661504346
2025-10-24 12:00:00,0.9996786329601891,1.0003553972649424,0.999897996240484,1.0009036188465332,0.9959200346539206
2025-10-24 16:00:00,0.99968640070817,1.0003488476171427,0.9998482899974173,0.9996918895940269,0.996088247728934
2025-10-24 20:00:00,0.9991631031751462,1.0003734053484699,0.9998038171109183,0.9987349476569222,0.9962458901005623
2025-10-25 00:00:00,0.9994958399820503,1.0003674197993089,0.9997999999999999,0.999100644961951,0.9959204883384017
2025-10-25 04:00:00,0.9992989657464698,1.0003396802766593,0.9997976485576924,0.9986624854228063,0.9961144832657852
2025-10-25 08:00:00,0.9994118502011267,1.0003451196084598,0.9998766314542192,0.9980751870320314,0.9964661385881749
2025-10-25 12:00:00,0.9994832356607013,1.000348685138741,0.9998095568487188,1.0004983740199858,0.9964564691509098
2025-10-25 16:00:00,0.9981832893039191,1.0003159864792317,0.9998996400284974,0.9996648757485869,0.9948782762041148
2025-10-25 20:00:00,0.999606233477868,1.000410636178268,0.9998052269729584,1.0000466146019016,0.9967325952978194
2025-10-26 00:00:00,0.9994323328867555,1.0003985814423169,0.9998033927244817,1.0002866796154903,0.9961749484276049
2025-10-26 04:00:00,0.9994098140796248,1.000328980193448,0.9998581683083059,0.9996893121269366,0.9963283306550996
2025-10-26 08:00:00,0.999331479103615,1.0002404709378216,0.9997999999999999,0.9999413536423415,0.9965123201500723
2025-10-26 12:00:00,0.999095780869806,1.0001624085787149,0.9998742537026669,1.0002808832260004,0.9963378266447093
2025-10-26 16:00:00,0.9993427904869293,1.0002510352371028,0.9998011156868956,0.9999193085503693,0.9963605694488248
2025-10-26 20:00:00,0.999878205200646,1.0001934249809206,0.9998898334528254,0.9996086828305047,0.9964139122060491
2025-10-27 00:00:00,0.9996916495422662,1.0002050631986852,0.9998608061718407,0.9993124814018551,0.9966310052884377
2025-10-27 04:00:00,0.9993331615934197,1.0001461659501423,0.9997984079530156,0.9992913179245373,0.9967211678185866
2025-10-27 08:00:00,0.9995391346486885,1.0001305078749108,0.9998957722866264,0.9991899409277046,0.9962186646991497
2025-10-27 12:00:00,0.9994162727600711,1.000118130040285,0.9998006785665302,0.9988105228185272,0.9960230381424391
2025-10-27 16:00:00,0.9992791050263949,1.0001584132034473,0.9998031563537517,0.9993765985523235,0.9960238331330462
2025-10-27 20:00:00,0.9992388575134582,1.000173871177271,0.9998983066442132,0.9996136642512472,0.9960108167235705
2025-10-28 00:00:00,0.9992772181646261,1.0000844291238908,0.9998060348787461,0.9997923164001769,0.9961478648794505
2025-10-28 04:00:00,0.9994801916110456,1.0000919306075167,0.9999358980123026,0.9996050431856289,0.9959656113421663
2025-10-28 08:00:00,0.9995299303286217,1.000069074284378,0.9999453049657514,0.9989516228620311,0.9961896074419151
2025-10-28 12:00:00,0.9987189493825236,1.0000729393295789,0.9999000485137637,0.9995906539460993,0.9960463711776685
2025-10-28 16:00:00,0.999174495300587,1.000140389045298,0.9999008510895776,1.000157138177422,0.9962562991331575
2025-10-28 20:00:00,0.9993038382358314,1.0003107857202276,0.9998668682244043,0.9997055337001072,0.9958738909614155
2025-10-29 00:00:00,0.999430355437895,1.0002317079455616,0.999901815102543,0.9995564192977072,0.9961203534745289
2025-10-29 04:00:00,0.9994506752478451,1.0002989671581397,0.9998000450556932,0.9998408947552123,0.9964305123672469
2025-10-29 08:00:00,0.9994985792374783,1.000322966927526,0.9998033341974877,0.9998170742401935,0.9963728066439368
2025-10-29 12:00:00,0.9995977091083889,1.0002464224700631,0.9999016224806987,0.9997473380564094,0.9964494376836515
2025-10-29 16:00:00,1.001658762763425,1.000228509064699,0.9998142083964724,0.9998717544768594,0.9966444244746275
2025-10-29 20:00:00,0.9993473875906546,1.0002550441809857,0.999808783168798,0.9990891842269923,0.9959867649050635
2025-10-30 00:00:00,0.9994279048091406,1.0002381069457837,0.9998174247465419,0.9997403720997325,0.9958238196201049
2025-10-30 04:00:00,0.9994271335027307,1.000226238091455,0.9998025763583178,0.9994693437709404,0.9958687520680668
2025-10-30 08:00:00,0.9992908584547885,1.0002261019716914,0.9998031056050553,1.0009330023979084,0.9965842350936635
2025-10-30 12:00:00,0.9995236983851297,1.0001012456219263,0.9998053722309067,0.9998889754990161,0.9960711918293456
2025-10-30 16:00:00,0.9988467441909149,1.0001010863678559,0.9997149696386505,0.9998045233233016,0.9955199774642752
2025-10-30 20:00:00,0.9995178215017296,1.0002776197876395,0.9998011743149453,0.9990425457004208,0.9958066158933653
2025-10-31 00:00:00,0.999360010085123,1.0000434162814278,0.9997378404585779,0.9992730340645222,0.9957249467021169
2025-10-31 04:00:00,0.9989750281638801,0.9999850666893623,0.9998006624965797,1.0002126687543809,0.9958102615733957
2025-10-31 08:00:00,0.9985440735918353,0.9999240768413958,0.9997894197325053,0.9991170043166038,0.9953642739813319
2025-10-31 12:00:00,0.9990446217102635,0.9995506881489697,0.9997072124974722,0.9985999035334765,0.9955772369496392
2025-10-31 16:00:00,0.9982166224104551,0.9996408619738137,0.9997629846755536,0.9974648026417735,0.9952532204526764
2025-10-31 20:00:00,0.9989204174759517,0.9996731004206798,0.9998049047985121,0.9992070441534646,0.9951556732760173
2025-11-01 00:00:00,0.9990054662493628,0.999600984477463,0.9998001025174682,0.9993581850010673,0.9953513052183204
2025-11-01 04:00:00,0.9987443069042251,0.9996274902753487,0.9998135712833532,0.9997309565205625,0.9954166065034331
2025-11-01 08:00:00,0.9989299225802497,0.9995674814586657,0.9997975479776751,0.9996421103090678,0.9953004803579294
2025-11-01 12:00:00,0.9986495867464135,0.9996623649651565,0.9997659297183363,0.9993696967149341,0.9951847340211841
2025-11-01 16:00:00,0.9990683007933859,0.9999322597057525,0.9998405545933762,1.000002668361145,0.995400153650613
2025-11-01 20:00:00,0.9989330609544396,0.9998866206353222,0.9997988184888477,0.9999706312499683,0.9952205859833426
2025-11-02 00:00:00,0.9988878956906775,0.9997916919036359,0.9997012951834335,0.9992868431489598,0.9950098404715558
2025-11-02 04:00:00,0.9991418253240645,0.9998110459935177,0.9997989860482005,0.999479472239622,0.9950929335867228
2025-11-02 08:00:00,0.9990873013465745,0.9999789834406204,0.999796746417859,1.0002919778013977,0.9950558768867208
2025-11-02 12:00:00,0.9989955743537864,0.9999684720956779,0.9997995115032766,1.0005212658763791,0.9956274698529827
2025-11-02 16:00:00,0.9992164329146466,0.999999468865172,0.9997997691511125,0.9995908014245034,0.9958966367396578
2025-11-02 20:00:00,0.9989396492745551,0.9999861634481605,0.9997927790866656,1.0002031483187932,0.9950282493982908
2025-11-03 00:00:00,0.9993500056817706,1.0000964185274606,0.9996955982881297,1.0008043997320641,0.9948425018879717
2025-11-03 04:00:00,0.9991996217286621,1.00008107724894,0.9997161309924305,0.9992812830742903,0.9951588553926973
2025-11-03 08:00:00,0.9987679934710769,0.9999958694798275,0.9997557963700194,0.9996313091108786,0.9953480872313332
2025-11-03 12:00:00,0.999468216794857,0.9999937698758323,0.9998011431219627,0.9996166241392211,0.995614038408874
2025-11-03 16:00:00,0.998924744882732,1.000014822504955,0.9998447737138237,1.0000840571580905,0.9950371356401247
2025-11-03 20:00:00,0.998853519341421,0.9999438808409705,0.9996935242267747,0.9988263241976982,0.9958613118066215
2025-11-04 00:00:00,0.9988454717101211,0.9999286816106968,0.999803906726285,0.9988650493460901,0.9950434706505871
2025-11-04 04:00:00,0.9998237898484676,0.9998664145206384,0.999805458793225,1.000075894274341,0.9956254015559949
2025-11-04 08:00:00,0.9996388002710337,0.9997214553808639,0.9997347317676379,0.9995103813852273,0.9949406705358039
2025-11-04 12:00:00,0.9994370831374153,0.9998425177642065,0.9997476913682947,1.0004971815062234,0.9957172588880789
2025-11-04 16:00:00,0.9990162243435521,0.9996737912190089,0.9997107562129236,0.9998757817743789,0.994746413188945
2025-11-04 20:00:00,0.998464835805391,0.9999763815651777,0.9997994364126345,0.9998577289168077,0.9945790243694361
2025-11-05 00:00:00,0.9992872096252313,0.9999984500459357,0.9997025058060451,1.0010921847292178,0.9961426634031635
2025-11-05 04:00:00,0.9995772241092509,1.0000473362753624,0.9997009864958388,1.00047690172498,0.9948923022479303
2025-11-05 08:00:00,0.9990649127133615,1.0000468727240652,0.999740820483748,1.0000043355133201,0.994907930309971
2025-11-05 12:00:00,0.9993857235385072,0.9998696264954188,0.9998002125885033,0.9989439365801256,0.9951380527167712
2025-11-05 16:00:00,0.9994667382093648,1.0000131609731526,0.9997145475639001,0.9993476244108643,0.995222482908699
2025-11-05 20:00:00,0.9992654574657763,1.0000523078778278,0.9997966960766344,0.99878050502349,0.9978578991251682
2025-11-06 00:00:00,0.9989710851020154,1.0000500794568332,0.999805153837411,0.9994107715863663,0.9957859609364642
2025-11-06 04:00:00,0.9990206480661297,0.9999849892869634,0.9997622055729267,1.0002993599940364,0.9953053114058475
2025-11-06 08:00:00,0.999422480311869,0.9999522433396478,0.9998385387314093,0.99971996436347,0.9954730434975783
2025-11-06 12:00:00,0.997558127501489,0.999660670698125,0.9998023141346835,0.9996093475616618,0.9931769805050165
2025-11-06 16:00:00,0.9985131952818175,0.9996630340313678,0.9997996130516635,1.0002858466916686,0.9955232405484037
2025-11-06 20:00:00,0.9988434290204387,0.999613204010795,0.9998674957197348,0.999688865754065,0.9958433433750247
2025-11-07 00:00:00,0.9989223111574027,0.9996149810443165,0.9997985511356416,0.9996600563325347,0.9944925194290917
2025-11-07 04:00:00,0.9984918180799135,0.9996267515130256,0.9997991838169914,1.001175567677358,0.9943395542501581
2025-11-07 08:00:00,0.9986758979742095,0.9995952838826991,0.9997041060925388,1.000350255618066,0.9946944665478583
2025-11-07 12:00:00,0.9991444321076943,0.9994482961259653,0.9997997293049788,0.9996595617298097,0.9946400422482581
2025-11-07 16:00:00,0.9987693450707879,0.9994760122413443,0.999808370831507,0.999652519796181,0.995016346592225
2025-11-07 20:00:00,0.9985356435535622,0.9998053035926698,0.9999313514314738,1.0000151281367555,0.9963505300130464
2025-11-08 00:00:00,0.9986281152612628,0.9995765960158233,0.9999,0.9993966480571954,0.9948832120873504
2025-11-08 04:00:00,0.9984339585679101,0.9995322162603882,0.9998001673419978,0.9999797291867678,0.9945979537492201
2025-11-08 08:00:00,0.9987799595606075,0.9995548815176035,0.9998009879623189,0.999519982178585,0.9946155534002727
2025-11-08 12:00:00,0.9986358005012407,0.9996397794593709,0.9997440350633054,0.9991169945055923,0.9943777699688398
2025-11-08 16:00:00,0.9992345850055727,0.9997626819633706,0.9998023668538875,1.000052801771749,0.9947525786907219
2025-11-08 20:00:00,0.9990757755475399,0.9997898254712498,0.9997572464492883,0.9996788111244456,0.9954177581447484
2025-11-09 00:00:00,0.9984545455795927,0.9997730011595826,0.9997666673395079,1.0000304527774062,0.9944612901540696
2025-11-09 04:00:00,0.998706904402849,0.9998307040820177,0.9998017390347154,0.9997607896744314,0.994828017676419
2025-11-09 08:00:00,0.9989296647602645,0.9999052628117471,0.9998019951576841,1.0009999122427635,0.9951979098655502
2025-11-09 12:00:00,0.9982768007134114,0.9999657270871775,0.9997917626129951,0.9994102578944652,0.9945011874291126
2025-11-09 16:00:00,0.9997938962096162,0.9998899538246829,0.99970246321933,0.9999457084230072,0.9946311706781759
2025-11-09 20:00:00,0.9994979343965285,0.9997707360142156,0.9998010765304994,0.9999243090188158,0.9948231460884603
2025-11-10 00:00:00,0.9988324789489598,0.9998116951158312,0.9998007525159398,1.0000349590635966,0.9947190212571302
2025-11-10 04:00:00,0.9991465572671093,0.9998431228922064,0.9997032063755427,0.9991233200989694,0.9945654896879189
2025-11-10 08:00:00,0.9989385002556268,0.9997975588811425,0.9998010900196039,0.9998696830095126,0.9941797294202401
2025-11-10 12:00:00,0.9986162240059299,1.0000353867811698,0.9997353590754136,1.0008732759087866,0.9939393945010562
2025-11-10 16:00:00,0.9988041396428295,0.9998355991948523,0.9998987070673373,0.9995091066607139,0.9944324347084283
2025-11-10 20:00:00,0.9993774212106801,0.9995546525664454,0.9998974164534334,0.9993463678390067,0.9944741411689832
2025-11-11 00:00:00,0.9991062966511027,0.9995170936599346,0.9999003156496155,0.9998153681694341,0.9950720449978624
2025-11-11 04:00:00,0.9989622505313753,0.9995469115530873,0.9997049420180463,0.9992570452129902,0.994678252084425
2025-11-11 08:00:00,0.9991165278746674,0.9999062046226529,0.9998033302193223,1.0005564808511458,0.994826901092802
2025-11-11 12:00:00,0.9986914854737999,0.999822723430255,0.9998499818496026,0.9998807783536912,0.9945071286214492
2025-11-11 16:00:00,0.9987117496468878,0.9998232341114167,0.999800214669951,0.9986990799854248,0.9944283859205528
2025-11-11 20:00:00,0.9992459195842689,0.9994323111576727,0.9998045000321228,0.9987653425133167,0.9941834969445311
2025-11-12 00:00:00,0.9988059398504124,0.9994608480241113,0.9997721431924221,1.001195586079714,0.9953213761192566
2025-11-12 04:00:00,0.9988303297601757,0.999922654663691,0.9997038147821462,0.9996650253735544,0.9939698496368524
2025-11-12 08:00:00,0.9993933270730595,0.9998695534048395,0.999708242293865,0.9999694154261518,0.994872251282358
2025-11-12 12:00:00,0.9996623733909448,1.000110868230421,0.9998021766324561,0.9997454180308055,0.9947128866640496
2025-11-12 16:00:00,0.9988208415030992,0.9999546884671011,0.9997046092854369,0.9997866244338864,0.994686380261095
2025-11-12 20:00:00,0.9990993049561987,0.9999390944125122,0.9997067390099936,0.9997248090578668,0.995081125343892
2025-11-13 00:00:00,0.9987876642933562,0.999834819047996,0.9997068122164053,0.9996367205421198,0.994634898726464
2025-11-13 04:00:00,0.9993477922352637,0.999915305905175,0.9998001165750656,0.9996048075163378,0.9946983921957543
2025-11-13 08:00:00,0.9989810432799556,1.0000047527852054,0.9997540906346701,0.9999707324007284,0.9943963282274833
2025-11-13 12:00:00,0.9990791237717539,0.9999074608705686,0.9997088334510541,0.9992213461687397,0.9943391151126302
2025-11-13 16:00:00,0.9988815186358898,0.9994635163710893,0.9997943647082516,1.000027747070262,0.9949218131261958
2025-11-13 20:00:00,0.9989342407264505,0.9995182424690819,0.9997059291829851,0.9993806373591572,0.9943362619916322
2025-11-14 00:00:00,0.99859477991136,0.9996452370157919,0.9997048573433037,0.9979750422114839,0.9943623205790815
2025-11-14 04:00:00,0.9993631550191967,0.9993300029297958,0.9997034471661824,1.0009787549125373,0.9938596981440518
2025-11-14 08:00:00,0.9984406771647409,0.9997015592317233,0.9997035057646587,0.9984413412165171,0.9942356336926823
2025-11-14 12:00:00,0.9976041576423327,0.9995856004939514,0.9997130390232453,0.9998311644553829,0.9947731581066779
2025-11-14 16:00:00,0.9981861293847749,0.9995720784972053,0.999746407577465,1.0003456928082382,0.9940452471746625
2025-11-14 20:00:00,0.9978019084343379,0.9993149761464921,0.999715932867396,0.9995656353035577,0.9940841577980875
2025-11-15 00:00:00,0.9987802576887147,0.9992468887759477,0.9997133817674928,0.9996883661200423,0.9943137965730082
2025-11-15 04:00:00,0.9984295143324837,0.9994496136637689,0.9998179238634503,1.0000229189001137,0.9941318758952522
2025-11-15 08:00:00,0.9989387755924913,0.9993898569104277,0.9996952024876031,0.9997515352898954,0.9943911690318856
2025-11-15 12:00:00,0.9987516379124552,0.9995223272861374,0.9997824090622446,0.9996404202871799,0.9942539775205548
2025-11-15 16:00:00,0.9985902478779474,0.9995595157582258,0.9997213912261237,0.9998171956213172,0.994065330855353
2025-11-15 20:00:00,0.9986537890786886,0.9993560682491935,0.9997333895881412,0.9998043348494934,0.9942006208107826
2025-11-16 00:00:00,0.9988407539247721,0.9994374872975796,0.9997267870554085,0.9991512951257883,0.9941586199268003
2025-11-16 04:00:00,0.9986417677118399,0.999389248398855,0.9998039275993217,0.9998137191848818,0.9941787678626619
2025-11-16 08:00:00,0.9985443554843694,0.9993982606784588,0.999742757143354,0.9997959236862796,0.9941754943063006
2025-11-16 12:00:00,0.998933102453274,0.9994948744083276,0.9997268050678411,0.9993239639729078,0.9943063580956947
2025-11-16 16:00:00,0.9984268728979564,0.9996334337061535,0.9997021900442732,0.9995940676184647,0.9936677731553424
2025-11-16 20:00:00,0.9989292378961796,0.9998045471993459,0.9997045945792102,0.9992057682348069,0.9940879817533879
2025-11-17 00:00:00,0.998502636030131,0.9993009711090227,0.9997327620461961,0.9987160590860021,0.9941312590686092
2025-11-17 04:00:00,0.9986659549492939,0.9991305420608944,0.9997480502721241,0.9996835621030524,0.994644855272388
2025-11-17 08:00:00,0.9984209586236393,0.9993400779675939,0.9997000000610222,0.9986362518075377,0.9939673467986159
2025-11-17 12:00:00,0.9980542962306982,0.9990895860562612,0.9997835708359049,0.9998455846492301,0.9939638609999585
2025-11-17 16:00:00,0.9979619730731542,0.9994204944439704,0.9998000624481271,1.0000918360321418,0.9934277567885154
2025-11-17 20:00:00,0.9981471675221102,0.9991314269831965,0.9997020613207795,1.0001956631604243,0.9938125748338428
2025-11-18 00:00:00,0.9974164650112645,0.9988656070735348,0.999706827837372,0.9980633006183482,0.9929449691865925
2025-11-18 04:00:00,0.9983319752164671,0.9987673944208745,0.9997839404943555,1.000839788363707,0.9938674035042486
2025-11-18 08:00:00,0.9982968209526875,0.9990031301543745,0.9996990526497276,0.998278408610522,0.9928954596825753
2025-11-18 12:00:00,0.9979512229626724,0.9990680191329568,0.99980037376631,0.9995729821606125,0.9938711392053426
2025-11-18 16:00:00,0.9984305631549143,0.9995086598411659,0.9998125722300025,1.000320293723982,0.994231705191518
2025-11-18 20:00:00,0.998861785305613,0.9995848409419364,0.9997834034257513,0.9996771631353949,0.9940018944985509
2025-11-19 00:00:00,0.9988116352054524,0.9991904610679522,0.9997019046679587,0.9992787137267461,0.9943694724499971
2025-11-19 04:00:00,0.998743391725495,0.9993697770500095,0.9998042690167133,0.9996295129423012,0.9938354347650975
2025-11-19 08:00:00,0.9985266329594661,0.9994013816902382,0.9997003344494062,0.9998606126184602,0.9938217422478264
2025-11-19 12:00:00,0.9981036420143118,0.9994583711708003,0.9997018085091568,0.9993528429444962,0.9936886412702735
2025-11-19 16:00:00,0.9982530314602206,0.9990528447398659,0.9997562678583813,1.0003238604875693,0.9932548179867012
2025-11-19 20:00:00,0.9984575098037616,0.9991306894611628,0.9996835639929914,0.999413972618777,0.9934129377499945
2025-11-20 00:00:00,0.9987250159296949,0.9993462786895619,0.9997013503193627,1.0011928193594062,0.9938065156646493
2025-11-20 04:00:00,0.9984974254443095,0.9991474089201893,0.9998001197756555,1.0007131891454188,0.9917383703812017
2025-11-20 08:00:00,0.9982866742359682,0.9990855648846727,0.9997113772084169,0.9992079983189853,0.99376008473539
2025-11-20 12:00:00,0.9987502993232863,0.9991289116573779,0.9997053607109396,0.9999855618174944,0.9934065108506991
2025-11-20 16:00:00,0.9992071292902072,0.9990429114203752,0.9998004756102322,1.0002620578576134,0.9911682621404452
2025-11-20 20:00:00,0.9981087874237331,0.9988961702237767,0.9997043625643544,0.9982664314426978,0.9916263945307446
2025-11-21 00:00:00,0.9965931106780233,0.9989653534898737,0.9996998117290395,0.9980901968373349,0.9912679835275858
2025-11-21 04:00:00,0.9979693248185689,0.9988787874270422,0.9997057429363642,0.9992869815492118,0.9932662660396491
2025-11-21 08:00:00,0.9979388049143246,0.9988700619276136,0.9996996315869532,0.9984757191492866,0.9931215289430273
2025-11-21 12:00:00,0.9991888538587244,0.9990649742270826,0.9997083971684212,1.001517032988023,0.9936560346279769
2025-11-21 16:00:00,0.9984529154864976,0.9992522479408469,0.99971007347334,0.9984490811408055,0.9927477278630189
2025-11-21 20:00:00,0.9980672090217576,0.9995518342142173,0.9996242535923927,0.9996486884370271,0.9920360504309568
2025-11-22 00:00:00,0.998754096148669,0.99949586023364,0.9997086274441551,1.0000914387482067,0.9931449303636474
2025-11-22 04:00:00,0.9988484874371526,0.9993941700875872,0.9996386321285091,0.999236670543349,0.9928314320147671
2025-11-22 08:00:00,0.9984622158480508,0.9994323823102962,0.9997949263243191,0.999506378458427,0.9925641370886183
2025-11-22 12:00:00,0.9987417252189058,0.9995363607395751,0.999780030632458,0.9993582794045066,0.9931050520600371
2025-11-22 16:00:00,0.9988162660728275,0.9996227910492608,0.9997045216079462,1.0001915681129163,0.9928113508727142
2025-11-22 20:00:00,0.9998386535998116,0.9995975538750667,0.9997010541618948,1.0001917118501091,0.9939841869621675
2025-11-23 00:00:00,0.9986866992421065,0.9996682806941392,0.9996954642545633,0.9997394305617642,0.9930427209494995
2025-11-23 04:00:00,0.9986119663443072,0.9995818541635499,0.9997041262877675,0.999879897200619,0.9922489226900113
2025-11-23 08:00:00,0.9990241256501653,0.9996699988224864,0.9996091029534672,0.9996156299472542,0.9930904765169803
2025-11-23 12:00:00,0.9984527746575125,0.9996728649421859,0.9997007721869197,0.9999295854339146,0.9932506421429907
2025-11-23 16:00:00,0.9988219746719667,0.9996578016581864,0.9996071768086372,0.999629335120296,0.9939155547499536
2025-11-23 20:00:00,0.9990327354545991,0.9998227870987461,0.9996945140309976,1.0000206445752498,0.9939315838737542
2025-11-24 00:00:00,0.9991907825334946,0.9997126238451044,0.9997547514014166,1.0001116810875172,0.9935982056710838
2025-11-24 04:00:00,0.9989785089034564,0.999777935392085,0.9996829503784315,1.0003020776160512,0.9933085451156578
2025-11-24 08:00:00,0.9986460730415315,0.9995676074222692,0.9997957447260184,0.9995893465267166,0.9933125631727653
2025-11-24 12:00:00,0.9989106599882759,0.9996093795494777,0.9997948271400604,1.0002857462758235,0.9934845038249993
2025-11-24 16:00:00,0.9990780433466034,0.9997295040822098,0.9996072553101744,0.9994280039302031,0.9934914502924349
2025-11-24 20:00:00,0.9989644651553147,0.9997749939695915,0.9996066661491855,1.0000292849332764,0.9931728505127336
2025-11-25 00:00:00,0.9990298399059472,0.9998519289016584,0.9997020320835097,0.9995840873977848,0.993274758380434
2025-11-25 04:00:00,0.9990459913314647,0.9998417351037158,0.9997296918429038,0.9994934399877846,0.9928846490754952
2025-11-25 08:00:00,0.9991768329401667,0.9999023554592711,0.9996886803400052,0.9996959763788825,0.9931317951046255
2025-11-25 12:00:00,0.9995070136932022,0.9996494509106926,0.999634481007572,0.9997985870605026,0.9933488707968334
2025-11-25 16:00:00,0.9987143547874132,0.9996540299600705,0.9996395229420463,0.9987390679075907,0.9933870061389763
2025-11-25 20:00:00,1.0006908536941161,0.9997233902657059,0.9996930205488661,1.0005868467738002,0.9928449696431141
2025-11-26 00:00:00,0.9984128275795466,0.9996806303142912,0.9996073264065595,0.9999070054197405,0.9927441021939523
2025-11-26 04:00:00,0.9989491516009141,0.9997380746789392,0.9997017701096449,0.9996018653723594,0.9931453626563385
2025-11-26 08:00:00,0.9987990966178361,0.9997418740124214,0.99981025376759,0.9989908645013383,0.9939661038323311
2025-11-26 12:00:00,0.9983047713651002,0.9998548364559643,0.9997647540885685,0.9987828282599804,0.9917845292889007
2025-11-26 16:00:00,0.9995093145017,0.9998202875263784,0.999703535260427,0.999452247638817,0.993854455623585
2025-11-26 20:00:00,0.9995142491615678,0.9999335698808292,0.9997043019093367,1.0002635235670645,0.9944640154305767
2025-11-27 00:00:00,0.9988036063999576,0.9999562020927381,0.9997095111931685,0.9993142526568765,0.9932248469264587
2025-11-27 04:00:00,0.9991027473679809,0.9999339607742235,0.9997088402350234,1.0000801062042033,0.9941705535049559
2025-11-27 08:00:00,0.9994503286840106,0.9999679609660361,0.9997042084208162,0.9998179176481248,0.9935305398948063
2025-11-27 12:00:00,0.9989076753750902,0.9999435506653973,0.999706169435869,0.9992674083564218,0.9935584813563261
2025-11-27 16:00:00,0.9992432540173796,0.9999124149538585,0.9997242585621299,0.99936649279528,0.9934872131913757
2025-11-27 20:00:00,0.9995834494455258,1.0000452002312226,0.9997944197434403,1.0002205959591537,0.9932804439283974
2025-11-28 00:00:00,0.9995195413794966,0.9999033604875118,0.9996955933840878,0.9994034873516819,0.9936293749974724
2025-11-28 04:00:00,0.998968303387889,0.9998690565811453,0.9997080737135599,0.9995338217784661,0.9934439264431594
2025-11-28 08:00:00,0.9992188210338464,1.0000142681041069,0.9997999718827144,0.999396787485648,0.9940191733667468
2025-11-28 12:00:00,0.9993331038750198,1.0000979551551628,0.9997208465253218,1.0003429957734709,0.9932375494636215
2025-11-28 16:00:00,0.999300536048363,1.0003596287205359,0.9997094382560237,0.9995699199756867,0.9936248643137113
2025-11-28 20:00:00,0.9978890679876751,1.000358330959148,0.9997147592035007,0.9992907877803542,0.9939572542969075
2025-11-29 00:00:00,0.9970591499336517,1.0003166959711292,0.9998010045995808,0.9998831003883258,0.9938770454371668
2025-11-29 04:00:00,0.9965900918543581,1.0001569685860856,0.9998035115404925,1.0002909417429475,0.9937471385987657
2025-11-29 08:00:00,0.9996598300142684,1.0003670523799215,0.9997062037192201,0.9998008658252333,0.9937150123066345
2025-11-29 12:00:00,0.9993015837118436,1.0002592380399828,0.9997036798132947,0.9997054546865881,0.9934735531125873
2025-11-29 16:00:00,0.9994714962041908,1.0003573529497822,0.9997147392530364,0.999760071688895,0.9944391294022
2025-11-29 20:00:00,0.9994217376647689,1.0003340960285687,0.9998040975359465,0.9990177630156751,0.9940680038218298
2025-11-30 00:00:00,0.9993667023290891,1.0003198919857073,0.9997077389486632,0.9999917598243707,0.994145872622997
2025-11-30 04:00:00,0.999449822666502,1.0002788048296785,0.9997251256872434,0.9997507888727492,0.9933979952832958
2025-11-30 08:00:00,0.999275831247026,1.0002172707678596,0.9998052924573867,0.9997664999444167,0.9938180881734828
2025-11-30 12:00:00,0.9993536079660105,1.0001182652564269,0.9997276493111492,0.9995625256467192,0.9926879533592364
2025-11-30 16:00:00,0.9993912151682355,1.0000955600188637,0.9997412114595743,0.9998024823604861,0.9937558495964914
2025-11-30 20:00:00,0.999734822431713,1.0000603079148,0.9997118919207333,0.9996381206151412,0.9941855048412298
2025-12-01 00:00:00,0.9994580708268417,1.0001723143217318,0.9998380579019991,0.999629201510188,0.9934449634185438
2025-12-01 04:00:00,0.999027001090414,1.0001080446416264,0.9998053471303378,0.9991347463660357,0.9935919419121345
2025-12-01 08:00:00,0.9994243235835222,0.9999621705718866,0.9997103886431125,0.9993582834879509,0.9934384203086689
2025-12-01 12:00:00,0.9989427484780194,0.9999536753635815,0.9997126219364327,0.9995685896956586,0.9932192451699182
2025-12-01 16:00:00,1.0000229933389793,1.0000437213728848,0.9998008106755212,0.9995302179364118,0.9931406789106992
2025-12-01 20:00:00,0.9993206356193352,1.0002213784779785,0.9997056964374041,0.9996697517328713,0.9928287416493058
2025-12-02 00:00:00,0.9991697704384793,0.9999932169101445,0.999713046777505,0.999263049641531,0.993761844434181
2025-12-02 04:00:00,0.9992412786019466,1.000053647213407,0.9998037665495633,0.9994328653107699,0.9934921708695441
